{"sections":{"image_banner":{"type":"image-banner","blocks":{"heading":{"type":"heading","settings":{"heading":"Browse our latest products","heading_size":"h0"}},"button":{"type":"buttons","settings":{"button_label_1":"Shop all","button_link_1":"shopify:\/\/collections\/all","button_style_secondary_1":true,"button_label_2":"","button_link_2":"","button_style_secondary_2":false}}},"block_order":["heading","button"],"settings":{"image_overlay_opacity":40,"image_height":"large","desktop_content_position":"bottom-center","show_text_box":false,"desktop_content_alignment":"center","color_scheme":"scheme-3","image_behavior":"none","mobile_content_alignment":"center","stack_images_on_mobile":false,"show_text_below":false}},"featured_collection":{"type":"featured-collection","settings":{"title":"Featured products","heading_size":"h2","description":"","show_description":false,"description_style":"body","collection":"all","products_to_show":8,"columns_desktop":4,"full_width":false,"show_view_all":true,"view_all_style":"solid","enable_desktop_slider":false,"color_scheme":"scheme-1","image_ratio":"adapt","image_shape":"default","show_secondary_image":true,"show_vendor":false,"show_rating":false,"quick_add":"none","columns_mobile":"2","swipe_on_mobile":false,"padding_top":44,"padding_bottom":36}},"custom-slider-section":{"type":"custom-slider-section","blocks":{"slide_BjC73q":{"type":"slide","settings":{"slide_image":"shopify:\/\/shop_images\/Mask_group_3.png","slide_text":"Lorem ipsum dolor sit amet, consectetur adipiscing elit, sed do eiusmod tempor incididunt ut labore et","menu_text":"Menu Item"}},"slide_pTFdmx":{"type":"slide","settings":{"slide_image":"shopify:\/\/shop_images\/person-fishing-on-the-beach-is-silhouetted-at-sunset.jpg","slide_text":"Lorem Іявнагпшрщз.юбьтимсу ЖУЩКГМЩЖІГМИЩВМИВЛишмвгитщвшитеш іжущвшатижщігеотжіщкшги","menu_text":"еуіе"}}},"block_order":["slide_BjC73q","slide_pTFdmx"],"settings":{"section_heading":"NO BULLSHIT INSIDE"}}},"order":["image_banner","featured_collection","custom-slider-section"]}